T_star,sing_score,retained,gap,all_pass,law_a,law_ab,law_be,law_c,law_d,law_e
3.3518987341772153,1.5859126802187788,0.9999998164526254,44.916536767629225,1,1,1,1,1,1,1
3.5037974683544304,0.6872650256868286,0.9999955676803796,212.2580956462694,1,1,1,1,1,1,1
3.6556962025316455,1.3048892832799615,0.9999990282447697,244.68378004273694,1,1,1,1,1,1,1
3.7569620253164557,1.7973744438485093,0.9999953120559827,541698.6878289208,1,1,1,1,1,1,1
4.010126582278481,0.8682115076353886,0.9999954085879639,985.6121971327985,1,1,1,1,1,1,1
4.111392405063292,1.4170243653741885,0.9999986213085351,62546027448.21818,1,1,1,1,1,1,1
