k,gamma,shift_proxy,sech2_val,energy,coupling_k
1,14.134725141734693,0.342260671137479,0.8914336170797026,0.0023845849256882044,0.002675
2,21.022039638771552,0.24201484149477023,0.9436422150864034,0.0025242429253561293,0.002675
3,25.01085758014569,0.19760429061424548,0.9619469711000386,0.002573208147692603,0.002675
4,30.424876125859512,0.1711303355687395,0.9712768263573172,0.0025981655105058233,0.002675
5,32.93506158773919,0.15306362533762066,0.9769326560073126,0.002613294854819561,0.002675
6,37.586178158825675,0.13972733388489023,0.9807276063752651,0.0026234463470538342,0.002675
7,40.91871901106195,0.12936237419826166,0.9834503194225204,0.002630729604455242,0.002675
8,43.32707328091498,0.12100742074738512,0.9854989680232719,0.002636209739462252,0.002675
9,48.00515088116715,0.11408689037915966,0.9870962950669088,0.002640482589303981,0.002675
