k,gamma,S_T,mu_csv,mu_reconstructed,rel_err,bridge_7_status,mu_spiral_prime,b9_ratio,b9_status
1,14.134725142,1.0,0.6656591563,0.6656591563,0.0,PASS,2.998897265368065,4.505154382668055,NOTE
2,21.022039639,2.0,0.4517631461,0.22588157305,0.5,CONJECTURAL,2.4509491452785883,5.425296787569428,NOTE
3,25.01085758,2.0,0.3829342431,0.19146712155,0.5,CONJECTURAL,1.9393539719100807,5.064456905734688,NOTE
4,30.424876126,2.0,0.3193541702,0.1596770851,0.5,CONJECTURAL,2.2736096856856314,7.1193987673990655,NOTE
5,32.935061588,4.0,0.2976789998,0.07441974995,0.75,CONJECTURAL,2.259014957850952,7.588761583345497,NOTE
6,37.586178159,4.0,0.2664253106,0.06660632765,0.75,CONJECTURAL,1.7471766764424657,6.557847948108821,NOTE
7,40.918719012,4.0,0.2477157867,0.061928946675,0.7500000000000001,CONJECTURAL,2.2103204555833833,8.922808211090018,NOTE
8,43.327073281,4.0,0.2385532458,0.05963831145,0.75,CONJECTURAL,2.011315901527935,8.43130804941634,NOTE
9,48.005150881,4.0,0.2210857067,0.055271426675,0.7499999999999999,CONJECTURAL,2.2926511542400374,10.369965514555073,NOTE
