gamma,R_rel,S_T,Q6_Q9,stable,pss_mu_abs,pss_z_score,pss_sech2,tautology
14.134725,0.18321708,1.017219,0.98307248,1,0.665659,4.9494,0.079567,QT — uses known zero as test point
21.02204,0.61658885,1.270188,0.78728533,0,0.451763,2.5665,0.424984,QT — uses known zero as test point
25.010858,0.82625237,1.775253,0.56330011,0,0.382934,1.8061,0.641303,QT — uses known zero as test point
30.424876,0.96711745,3.931897,0.25433016,0,0.319354,1.0898,0.846676,QT — uses known zero as test point
32.935062,0.98941758,6.891989,0.14509599,0,0.297679,0.8485,0.90493,QT — uses known zero as test point
37.586178,0.99936508,28.066883,0.03562918,0,0.266425,0.4816,0.968718,QT — uses known zero as test point
40.918719,0.99995069,100.694495,0.00993103,0,0.247716,0.2575,0.991136,QT — uses known zero as test point
43.327073,0.99999403,289.338254,0.00345616,0,0.238553,0.1527,0.996922,QT — uses known zero as test point
48.005151,0.99999995,3068.81873,0.00032586,0,0.221086,-0.0572,0.999575,QT — uses known zero as test point
