mean_Re_S,std_Re_S,mean_Im_S,std_Im_S
-7.86522606549184e-08,1.5515643028921617e-05,-1.4006681408382531e-08,8.43550102826248e-06
